keys,de,en
TITLE_SUBTITLE,Monster-Autobattler,Monster auto-battler
BTN_CONTINUE,Weiter,Continue
BTN_NEW_RUN,Neuer Run,New run
BTN_HISTORY,Historie,History
BTN_WORKSHOP,Workshop,Workshop
BTN_SETTINGS,Einstellungen,Settings
BTN_HELP,Anleitung,How to play
BTN_BACK,Zurück,Back
BTN_MENU,Menü,Menu
BTN_CLOSE,X,X
BTN_OK,Verstanden,Got it
VERSION,Version {v},Version {v}
ORIENTATION,Bitte dreh dein Gerät ins Hochformat.,Please turn your device to portrait.
LEVEL_SHORT,St.{n},Lv{n}
COST,{n} Gold,{n} gold
HUD_LIVES,Leben {n},Lives {n}
HUD_WINS,Siege {n}/{max},Wins {n}/{max}
HUD_GOLD,Gold {n},Gold {n}
HUD_ROUND,Runde {n},Round {n}
HUD_LIVES_T,Leben,Lives
HUD_LIVES_INFO,Jede Niederlage kostet ein Leben. Bei 0 ist der Run vorbei. Unentschieden kosten nichts.,Every loss costs one life. At 0 the run is over. Draws cost nothing.
HUD_WINS_T,Siege,Wins
HUD_WINS_INFO,Mit {max} Siegen gewinnst du den Run. Nach jedem zweiten Sieg wählst du ein Trinket.,Reach {max} wins to win the run. After every second win you pick a trinket.
HUD_GOLD_T,Gold,Gold
HUD_GOLD_INFO,"Jede Runde gibt neues Gold, jede Runde etwas mehr. Übriges Gold verfällt am Rundenende, also ausgeben!","Each round gives fresh gold, a little more every round. Leftover gold is lost at the end of the round, so spend it!"
HUD_ROUND_T,Runde,Round
HUD_ROUND_INFO,"Mit jeder Runde werden die Gegner stärker, und der Shop bietet seltenere Monster an.",Every round the enemies get stronger and the shop offers rarer monsters.
HUD_ODDS_T,Chancen,Odds
HUD_ODDS_INFO,"So wahrscheinlich ist jede Seltenheit im Shop: grün gewöhnlich, blau selten, lila sehr selten. Mit jeder Runde steigt der Rang, und seltene Monster kommen öfter.","How likely each rarity is in the shop: green common, blue rare, purple very rare. The rank rises every round, and rare monsters show up more often."
SHOP_RANK,Rang {n},Rank {n}
SHOP_TEAM,Mein Team,My Team
SHOP_FRONT,vorne: wird zuerst getroffen,front: gets hit first
SHOP_CAPTION,Shop,Shop
SHOP_REROLL,Neu würfeln ({cost}),Reroll ({cost})
SHOP_FIGHT,Kampf!,Fight!
SHOP_SELL_DROP,"Hier ablegen zum Verkaufen
+{gold} Gold","Drop here to sell
+{gold} gold"
SHOP_SELL_DROP_SHORT,Hier ablegen zum Verkaufen,Drop here to sell
SHOP_SOLD,{name} verkauft für {gold} Gold.,Sold {name} for {gold} gold.
SHOP_MERGED,Verschmolzen zu Stufe {level}!,Merged into level {level}!
SHOP_HINT,"Tippe auf Monster, Symbole oder die Leiste oben, um mehr zu erfahren.","Tap monsters, icons or the bar at the top to learn more."
SHOP_NEW_ITEM,Neu im Team,New for your team
CARD_SUB_MONSTER,"{type}, Stufe {level}, Seltenheit {rarity}","{type}, level {level}, rarity {rarity}"
CARD_STATS,{atk} Angriff   {hp} HP,{atk} attack   {hp} HP
CARD_BONUS,"Dauerhafter Bonus: +{atk} Angriff, +{hp} HP","Permanent bonus: +{atk} attack, +{hp} HP"
CARD_BUY,Kaufen ({cost} Gold),Buy ({cost} gold)
CARD_NO_GOLD,Zu wenig Gold.,Not enough gold.
CARD_NO_SPACE,Kein Platz. Verkaufe zuerst ein Monster.,No space. Sell a monster first.
CARD_SELL,Verkaufen (+{gold}),Sell (+{gold})
CARD_COPIES,Du hast {n} davon auf Stufe 1. Bei 3 verschmelzen sie zu Stufe 2.,You have {n} of these at level 1. At 3 they merge into level 2.
CARD_TRAINER,"Trainer, wirkt den ganzen Run","Trainer, active all run"
CARD_TRINKET,"Trinket, wirkt den ganzen Run","Trinket, active all run"
CARD_STATUS,"Schild {shield}, Gift {poison}","Shield {shield}, poison {poison}"
TRINKET_TITLE,Wähle ein Trinket,Choose a trinket
TRINKET_HINT,Belohnung für deine Siege. Trinkets wirken den ganzen Run.,A reward for your wins. Trinkets last the whole run.
TRAINER_TITLE,Wähle deinen Trainer,Choose your trainer
TRAINER_HINT,Der Trainer hilft dir den ganzen Run über.,Your trainer helps you for the whole run.
BATTLE_ROUND,Runde {n},Round {n}
BATTLE_TURN,Zug {n},Turn {n}
BATTLE_ENEMY,Gegner,Enemy
BATTLE_TEAM,Dein Team,Your team
BATTLE_SKIP,Überspringen,Skip
BATTLE_REPLAY,Nochmal,Replay
BATTLE_WIN,Sieg!,Victory!
BATTLE_LOSS,Niederlage,Defeat
BATTLE_DRAW,Unentschieden,Draw
BATTLE_RUN_WON,"Run gewonnen! {wins} Siege, {lives} Leben übrig.","Run won! {wins} wins, {lives} lives left."
BATTLE_RUN_LOST,Keine Leben mehr. Run vorbei mit {wins} Siegen.,Out of lives. Run over with {wins} wins.
BATTLE_STATUS,"Siege {wins}/{max}, Leben {lives}","Wins {wins}/{max}, lives {lives}"
FLOAT_POISON,+{n} Gift,+{n} poison
FLOAT_SHIELD,+{n} Schild,+{n} shield
FLOAT_ATK,+{n} Angriff,+{n} attack
FLOAT_HP,+{n} HP,+{n} HP
ROUND_END_GOLD,{item}: +{n} Gold nächste Runde,{item}: +{n} gold next round
ROUND_END_ATK,{item}: +{n} Angriff für {monster},{item}: +{n} attack for {monster}
ROUND_END_HP,{item}: +{n} HP für {monster},{item}: +{n} HP for {monster}
SETTINGS_MUSIC,Musik,Music
SETTINGS_SFX,Effekte,Sound effects
SETTINGS_SPEED,Kampftempo,Battle speed
SETTINGS_LANGUAGE,Sprache,Language
SETTINGS_TIPS,Tipps,Tips
SETTINGS_TIPS_RESET,Tipps wieder zeigen,Show tips again
SETTINGS_TIPS_DONE,Die Tipps erscheinen wieder.,Tips will show again.
LANG_DE,Deutsch,Deutsch
LANG_EN,English,English
DEBUG_TITLE,Debug,Debug
DEBUG_EXPORT,Telemetrie exportieren,Export telemetry
DEBUG_CLEAR,Telemetrie löschen,Delete telemetry
DEBUG_STATUS,Version {v}. Telemetrie: {events} Ereignisse aus {runs} fertigen Runs. Bleibt auf diesem Gerät.,Version {v}. Telemetry: {events} events from {runs} finished runs. Stays on this device.
DEBUG_EMPTY,Noch keine Telemetrie vorhanden.,No telemetry yet.
DEBUG_EXPORTED,Export gestartet: {file},Export started: {file}
DEBUG_PATH,Datei liegt unter {path},File is at {path}
HISTORY_TITLE,Run-Historie,Run history
HISTORY_EMPTY,Noch keine Runs beendet.,No finished runs yet.
HISTORY_SUMMARY,"{runs} Runs, {won} gewonnen, beste {best} Siege, Schnitt {avg}","{runs} runs, {won} won, best {best} wins, average {avg}"
HISTORY_WON,Run gewonnen! {wins} Siege,Run won! {wins} wins
HISTORY_WINS,{wins} Siege,{wins} wins
HISTORY_META,"{date}, Runde {round}, {trainer}","{date}, round {round}, {trainer}"
TIP_TITLE,Tipp,Tip
TIP_SHOP,"Tippe ein Angebot oder Monster an, um es anzusehen, und kaufe, friere ein oder verkaufe über die Knöpfe unten. Du kannst Angebote auch direkt auf ein Feld ziehen. Die vordere Reihe wird zuerst getroffen.","Tap an offer or monster to inspect it, then buy, freeze or sell with the buttons at the bottom. You can also drag offers straight onto a square. The front row gets hit first."
TIP_FULL,"Dein Raster ist voll. Verkaufe schwache Monster (antippen oder nach unten ziehen), um stärkere zu kaufen. Drei gleiche verschmelzen auch bei vollem Raster.",Your grid is full. Sell weak monsters (tap them or drag them down) to buy stronger ones. Three of a kind still merge on a full grid.
TIP_TRINKET,"Trainer und Trinkets stehen oben in der Leiste. Tippe ein Symbol an, um nachzulesen, was es tut.",Your trainer and trinkets sit in the bar at the top. Tap an icon to read what it does.
TIP_BATTLE,"Der Kampf läuft von allein. Tippe ein Monster an, um seine aktuellen Werte zu sehen.",The battle plays itself. Tap a monster to see its current stats.
ABILITY_NONE,Keine Fähigkeit.,No ability.
ABILITY_SENTENCE,{trigger}: {effect}.,{trigger}: {effect}.
TRIGGER_battle_start,Kampfstart,Battle start
TRIGGER_on_attack,Beim Angriff,On attack
TRIGGER_on_hurt,Wenn getroffen,When hurt
TRIGGER_on_death,Beim Tod,On death
TRIGGER_round_end,Rundenende,End of round
TEAM_on_attack,Wenn ein {who} angreift,When {who} attacks
TEAM_on_hurt,Wenn ein {who} getroffen wird,When {who} is hurt
TEAM_on_death,Wenn ein {who} stirbt,When {who} dies
WHO_TYPE,{type}-Monster,a {type} monster
WHO_ROW,Monster in der {row} Reihe,a {row}-row monster
WHO_ANY,Verbündeter,an ally
ROW_0,vorderen,front
ROW_1,mittleren,middle
ROW_2,hinteren,back
ONLY_ROW,{row} Reihe,{row} row
ONLY,{target} (nur {what}),{target} (only {what})
PERMANENT,dauerhaft {x},permanently {x}
EFFECT_poison,{value} Gift auf {target},{value} poison on {target}
EFFECT_shield,{value} Schild für {target},{value} shield for {target}
EFFECT_damage,{value} Schaden an {target},{value} damage to {target}
EFFECT_buff_atk,+{value} Angriff für {target},+{value} attack for {target}
EFFECT_buff_hp,+{value} HP für {target},+{value} HP for {target}
EFFECT_gold,+{value} Gold in der nächsten Runde,+{value} gold next round
TARGET_self,sich,itself
TARGET_target,das Ziel,the target
TARGET_attacker,den Angreifer,the attacker
TARGET_allies_all,alle Verbündeten,all allies
TARGET_allies_row,die eigene Reihe,its own row
TARGET_allies_front,die vordere Reihe,the front row
TARGET_ally_random,einen zufälligen Verbündeten,a random ally
TARGET_enemies_all,alle Gegner,all enemies
TARGET_enemies_front,die vorderste Gegnerreihe,the enemy front row
TARGET_enemy_front,den vordersten Gegner,the nearest front enemy
TARGET_enemy_random,einen zufälligen Gegner,a random enemy
KW_poison,"Gift: Am Ende jedes Zugs verliert das Monster so viele HP, wie es Gift hat. Gift stapelt sich, bleibt bis zum Kampfende und geht durch Schild.","Poison: at the end of every turn the monster loses HP equal to its poison. Poison stacks, lasts until the battle ends and ignores shield."
KW_shield,"Schild: Fängt Schaden ab, bevor HP verloren gehen, bis er aufgebraucht ist.","Shield: absorbs damage before HP is lost, until it is used up."
KW_damage,Schaden: Direkter Schaden durch eine Fähigkeit. Schild fängt ihn ab.,Damage: direct damage from an ability. Shield absorbs it.
KW_buff_atk,Angriff: So viel Schaden macht ein Monster pro Angriff.,Attack: how much damage a monster deals per attack.
KW_buff_hp,HP: Lebenspunkte. Bei 0 scheidet das Monster aus.,HP: hit points. At 0 the monster is out.
KW_gold,Gold: Bonus-Gold kommt zu Beginn der nächsten Runde dazu.,Gold: bonus gold is added at the start of the next round.
KW_battle_start,"Kampfstart: Wirkt einmal, bevor der erste Angriff fällt.",Battle start: triggers once before the first attack.
KW_on_attack,"Beim Angriff: Wirkt jedes Mal, nachdem das Monster angegriffen hat.",On attack: triggers every time after the monster attacks.
KW_on_hurt,"Wenn getroffen: Wirkt, wenn das Monster einen Angriff überlebt.",When hurt: triggers when the monster survives an attack.
KW_on_death,"Beim Tod: Wirkt, wenn das Monster ausscheidet.",On death: triggers when the monster is knocked out.
KW_round_end,"Rundenende: Wirkt, wenn du im Shop auf Kampf tippst. Boni bleiben dauerhaft.",End of round: triggers when you tap Fight in the shop. Bonuses are permanent.
KW_level,Stufe: Drei gleiche Monster derselben Stufe verschmelzen zur nächsten Stufe (bis 3). Werte verdoppeln sich.,Level: three identical monsters of the same level merge into the next level (up to 3). Stats double.
KW_front,"Vorne: Angegriffen wird immer die vorderste besetzte Reihe, bevorzugt die nächste Spalte.","Front: attacks always hit the frontmost occupied row, preferring the nearest column."
HELP_TITLE,Anleitung,How to play
HELP_GOAL_T,Ziel,Goal
HELP_GOAL,"Gewinne {wins} Kämpfe, bevor deine {lives} Leben aufgebraucht sind.",Win {wins} battles before your {lives} lives run out.
HELP_ROUND_T,Eine Runde,A round
HELP_ROUND,"Im Shop kaufst du Monster mit Gold und stellst sie auf. Mit Kampf! tritt dein Team automatisch gegen das gespeicherte Team eines Gegners an, der gerade ähnlich weit ist.",In the shop you buy monsters with gold and place them. Tap Fight! and your team battles the saved team of an opponent who is about as far as you.
HELP_GRID_T,Raster und Reihen,Grid and rows
HELP_GRID,"Dein Team steht auf einem 3x3-Raster. Die vordere Reihe wird zuerst getroffen, also gehören robuste Monster nach vorne. In jedem Zug greift jedes Monster einmal an, Feld für Feld.","Your team stands on a 3x3 grid. The front row gets hit first, so sturdy monsters belong in front. Every turn each monster attacks once, square by square."
HELP_MERGE_T,Verschmelzen,Merging
HELP_MERGE,"Kaufst du drei gleiche Monster, verschmelzen sie zu Stufe 2 mit doppelten Werten. Drei auf Stufe 2 ergeben Stufe 3.",Buy three identical monsters and they merge into level 2 with doubled stats. Three at level 2 make level 3.
HELP_ITEMS_T,Trainer und Trinkets,Trainers and trinkets
HELP_ITEMS,"Zu Beginn wählst du einen Trainer, nach jedem zweiten Sieg ein Trinket. Beide wirken den ganzen Run.","At the start you pick a trainer, after every second win a trinket. Both last the whole run."
HELP_TIPS_T,Tipps,Tips
HELP_TIPS,"Gold verfällt am Rundenende. Ist das Raster voll, tausche schwache gegen seltenere Monster. Achte auf Typen, die zu deinem Trainer passen.","Gold is lost at the end of the round. When the grid is full, swap weak monsters for rarer ones. Look for types that suit your trainer."
HELP_KEYWORDS_T,Schlüsselwörter,Keywords
MONSTER_ember_pup,Glutwelpe,Ember Pup
MONSTER_cinder_ram,Aschbock,Cinder Ram
MONSTER_blaze_drake,Loderdrache,Blaze Drake
MONSTER_drop_snail,Tropfschnecke,Drop Snail
MONSTER_tide_crab,Gezeitenkrebs,Tide Crab
MONSTER_deep_whale,Tiefenwal,Deep Whale
MONSTER_moss_toad,Moosunke,Moss Toad
MONSTER_spore_moth,Sporenmotte,Spore Moth
MONSTER_thorn_golem,Dornengolem,Thorn Golem
MONSTER_bolt_bat,Blitzfledermaus,Bolt Bat
MONSTER_spark_ferret,Funkenfrettchen,Spark Ferret
MONSTER_storm_lynx,Sturmluchs,Storm Lynx
TYPE_feuer,Feuer,Fire
TYPE_wasser,Wasser,Water
TYPE_moos,Moos,Moss
TYPE_blitz,Blitz,Bolt
TRAINER_olm,Moorhüter Olm,Olm the Bogwarden
TRAINER_asha,Funkenschmiedin Asha,Asha the Sparksmith
TRINKET_oak_shield,Eichenschild,Oak Shield
TRINKET_ember_elixir,Glutelixier,Ember Elixir
TRINKET_thorn_hammer,Dornenhammer,Thorn Hammer
TRINKET_throwing_axe,Wurfaxt,Throwing Axe
TRINKET_soul_draught,Seelentrank,Soul Draught
TRINKET_gold_chest,Goldtruhe,Gold Chest
MERGE_PROGRESS,{n}/{max},{n}/{max}
CARD_FREEZE,Einfrieren,Freeze
CARD_UNFREEZE,Auftauen,Unfreeze
CARD_FROZEN_NOTE,Eingefroren: bleibt beim Neu würfeln und in der nächsten Runde.,Frozen: stays when you reroll and into the next round.
BATTLE_MVP,"Bester Kämpfer: {name}, {n} Schaden","Top fighter: {name}, {n} damage"
CARD_DEALT,Schaden verursacht: {n},Damage dealt: {n}
SETTINGS_VIBRATION,Vibration,Vibration
SETTINGS_ON,An,On
SETTINGS_OFF,Aus,Off
HELP_SHOP_T,Shop-Kniffe,Shop tricks
HELP_SHOP,"Ziehe ein Angebot direkt auf ein freies Feld, um es dort aufzustellen, oder auf ein gleiches Monster, um es dort zu verschmelzen. Einfrieren hält ein Angebot fest, auch beim Neu würfeln und in der nächsten Runde. Die Zahl 2/3 auf einem Angebot zeigt, wie viele davon du schon hast.","Drag an offer straight onto an empty square to place it there, or onto an identical monster to merge it there. Freezing keeps an offer, even when you reroll and into the next round. The 2/3 on an offer shows how many of it you already have."
WS_TITLE,INKLITE WORKSHOP,INKLITE WORKSHOP
WS_GAME_TITLE,Neuer Run,New run
WS_RULESET,Regelsatz,Rule set
WS_RULESET_INFO,"{name} (Version {version}): {units} Einheiten, {ghosts} Geisterteams.
Antippen zeigt Infos, Ziehen kauft und stellt um.","{name} (version {version}): {units} units, {ghosts} ghost teams.
Tap for info, drag to buy and rearrange."
WS_NO_GHOSTS,Noch keine Geisterteams: Im Editor erst eine Simulation laufen lassen.,No ghost teams yet: run a simulation in the editor first.
WS_DIFFICULTY,Schwierigkeit,Difficulty
WS_DIFF_RANGE,Gegnerstärke {min} bis {max}.,Enemy strength {min} to {max}.
WS_DIFF_leicht,"Schwache Gegner, zum Reinkommen.","Weak enemies, to get started."
WS_DIFF_mittel,Gegner aus der Mitte des Feldes.,Enemies from the middle of the field.
WS_DIFF_schwer,"Nur starke Gegner, richtig hart.","Only strong enemies, really hard."
WS_NEW_BG,"Neuer Run, BG-Kampf","New run, BG combat"
WS_NEW_GRID,"Neuer Run, Raster-Kampf","New run, grid combat"
WS_START_RUN,Run starten,Start run
WS_BACK_TO_GAME,Zurück zum Spiel,Back to the game
WS_WON_TITLE,Gewonnen!,Victory!
WS_OVER_TITLE,Run vorbei,Run over
WS_RESULT,Ergebnis,Result
WS_WON_TEXT,Der Run ist gewonnen.,You won the run.
WS_LOST_TEXT,Keine Leben mehr.,No lives left.
WS_SUMMARY,"{wins} Siege, {losses} Niederlagen, {draws} Unentschieden in {days} Tagen.","{wins} wins, {losses} losses, {draws} draws in {days} days."
WS_DIFFICULTY_LINE,Schwierigkeit: {name},Difficulty: {name}
WS_NEW_RUN,Neuer Run,New run
WS_BENCH,Bank,Bench
WS_CAPTION_BG,Platz 1 bis 6 greifen der Reihe nach an,Slots 1 to 6 attack in order
WS_CAPTION_GRID,"obere Reihe: vorne, wird zuerst getroffen","top row: front, gets hit first"
WS_DAY,Tag {n},Day {n}
WS_FREE,Gratis ({n}),Free ({n})
WS_REROLL,Würfeln ({n}),Reroll ({n})
WS_LOCK,Sperren,Lock
WS_UNLOCK,Entsperren,Unlock
WS_NOTE_NO_GOLD,Dafür reicht dein Gold nicht.,You don't have enough gold.
WS_NOTE_FULL,Team und Bank sind voll. Verkaufe erst eine Einheit.,Team and bench are full. Sell a unit first.
WS_NOTE_COPIES,Du hast {n} davon auf Stufe 1. Bei {max} verschmelzen sie.,You have {n} of these at level 1. At {max} they merge.
WS_NOTE_DRAG,Tipp: Ziehe die Karte direkt auf einen Platz.,Tip: drag the card straight onto a slot.
WS_SELL,Verkaufen (+{n}),Sell (+{n})
WS_NOTE_OWNED,"Ziehen stellt um, auch zwischen Team und Bank. Nur das Team kämpft.","Drag to rearrange, also between team and bench. Only the team fights."
WS_MERGED,Verschmolzen zu Stufe {n}!,Merged into level {n}!
WS_SOLD,Verkauft für {n} Gold.,Sold for {n} gold.
WS_LOCKED_T,Shop gesperrt,Shop locked
WS_UNLOCKED_T,Shop entsperrt,Shop unlocked
WS_LOCKED_INFO,Die Angebote bleiben bis morgen liegen. Würfeln hebt die Sperre auf.,The offers stay until tomorrow. Rerolling removes the lock.
WS_UNLOCKED_INFO,Morgen gibt es neue Angebote.,Tomorrow brings new offers.
WS_SELL_DROP,Hierher ziehen: verkaufen (+{n}),Drop here: sell (+{n})
WS_LIVES_DAY,Tag {n}: {v},day {n}: {v}
WS_LIVES_FROM,ab Tag {n}: {v},from day {n}: {v}
WS_LIVES_INFO,Eine Niederlage kostet je nach Tag Leben ({list}). Bei 0 ist der Run vorbei.,A loss costs lives depending on the day ({list}). At 0 the run is over.
WS_SECOND_CHANCE,Einmal pro Run gibt es eine zweite Chance mit 1 Leben.,Once per run you get a second chance with 1 life.
WS_WINS_INFO,Mit {n} Siegen gewinnst du den Run.,Reach {n} wins to win the run.
WS_DRAW_WIN,Ein Unentschieden zählt als Sieg.,A draw counts as a win.
WS_DRAW_LOSS,Ein Unentschieden zählt als Niederlage.,A draw counts as a loss.
WS_ROUND_INFO,"Jeder Tag ist eine Shop-Phase und ein Kampf. Mit jedem Tag steigt der Shop-Rang, dann kommen seltenere Einheiten. Heute bist du auf Rang {n}.","Every day is a shop phase and a fight. The shop rank rises each day, bringing rarer units. Today you are at rank {n}."
WS_GOLD_INFO,"Du hast {gold} Gold. Jeden Tag gibt es neues Gold, Würfeln kostet {cost}.","You have {gold} gold. Every day brings new gold, rerolling costs {cost}."
WS_GOLD_KEEP,Übriges Gold bleibt für morgen.,Leftover gold carries over to tomorrow.
WS_GOLD_LOSE,Übriges Gold verfällt am Tagesende.,Leftover gold is lost at the end of the day.
WS_ODDS_T,Chancen auf Rang {n},Odds at rank {n}
WS_ODDS_INFO,So wahrscheinlich ist jede Seltenheit pro Angebot (Gewichte):,How likely each rarity is per offer (weights):
WS_HELP_T,So geht's,How to play
WS_HELP,"Kaufen: Angebot antippen oder direkt auf einen Platz im Team oder auf der Bank ziehen. Drei gleiche verschmelzen zur nächsten Stufe.
Umstellen: Einheit auf einen anderen Platz ziehen. Nur das Team kämpft, die Bank wartet.
Sperren: Die Angebote bleiben bis morgen.
Kampf!: Dein Team kämpft gegen ein gespeichertes Geisterteam.","Buy: tap an offer or drag it straight onto a team or bench slot. Three of a kind merge into the next level.
Rearrange: drag a unit onto another slot. Only the team fights, the bench waits.
Lock: the offers stay until tomorrow.
Fight!: your team fights a saved ghost team."
WS_ENEMY_STRENGTH,Gegnerstärke {n},Enemy strength {n}
WS_ENEMY_ID,Gegner: {id},Enemy: {id}
WS_ENEMY,Gegner,Enemy
WS_YOUR_TEAM,Dein Team,Your team
WS_SKIP,Überspringen,Skip
WS_WIN,Sieg!,Victory!
WS_LOSS,Niederlage,Defeat
WS_DRAW,Unentschieden,Draw
WS_DRAW_AS_WIN,"Unentschieden,
zählt als Sieg","Draw,
counts as a win"
WS_DRAW_AS_LOSS,"Unentschieden,
zählt als Niederlage","Draw,
counts as a loss"
WS_LIVES_LOST,-{n} Leben,-{n} lives
WS_NEXT,Weiter,Continue
WS_ATK,{n} Angriff,{n} attack
WS_HP,{n} Leben,{n} HP
WS_TEMPLATE,Vorlage: {name} (BG Stufe {tier}),Template: {name} (BG tier {tier})
WS_SUB,"{rarity}, Stufe {level}, {colors}","{rarity}, level {level}, {colors}"
WS_SUB_TOKEN,"Spielstein, Stufe {level}","Token, level {level}"
WS_AB_ATK,+{n} Angriff,+{n} attack
WS_AB_HP,+{n} Leben,+{n} HP
WS_AB_FROM,+Angriff aus {from},+attack from {from}
WS_AB_PERM, (dauerhaft), (permanent)
WS_AB_GETS,{target} bekommt {kw},{target} gains {kw}
WS_AB_RANDOM_KW,zufälliges Schlüsselwort,a random keyword
WS_AB_LOSES,{target} verliert {kw},{target} loses {kw}
WS_AB_SUMMON,beschwört {unit},summons {unit}
WS_AB_DR_UNIT,Einheit mit Todesröcheln,a unit with deathrattle
WS_AB_DAMAGE,{n}{extra} Schaden an {target},{n}{extra} damage to {target}
WS_AB_DESTROY,vernichtet {target},destroys {target}
WS_AB_ATTACK_NOW,greift sofort an,attacks immediately
WS_AB_TRIGGER,löst {trigger} von {target} aus,triggers {trigger} of {target}
WS_AB_GOLD,+{n} Gold,+{n} gold
WS_AB_FREE,+{n} Gratis-Würfe,+{n} free rerolls
BTN_CLASSIC,Klassischer Modus,Classic mode
BTN_CLASSIC_BACK,Zurück zum neuen Modus,Back to the new mode
TITLE_CLASSIC,"Klassisch: 12 Monster, 3x3-Raster","Classic: 12 monsters, 3x3 grid"
WS_KW_taunt,Spott,Taunt
WS_KW_divine_shield,Schild,Shield
WS_KW_reborn,Wieder,Reborn
WS_KW_windfury,Wind,Windfury
WS_KW_venomous,Gift,Venom
WS_KW_cleave,Spalt,Cleave
WS_KW_stealth,Tarn,Stealth
WS_KWL_taunt,Spott: Gegner müssen zuerst diese Einheit angreifen.,Taunt: enemies must attack this unit first.
WS_KWL_divine_shield,"Gottesschild: Fängt den ersten Treffer ab, danach ist der Schild weg.","Divine shield: blocks the first hit, then the shield is gone."
WS_KWL_reborn,Wiedergeburt: Kehrt nach dem ersten Tod mit 1 Leben zurück.,Reborn: returns with 1 HP after its first death.
WS_KWL_windfury,Windzorn: Greift zweimal hintereinander an.,Windfury: attacks twice in a row.
WS_KWL_venomous,"Giftig: Der erste Treffer tötet das Ziel, danach ist das Gift verbraucht.","Venomous: the first hit destroys the target, then the venom is used up."
WS_KWL_cleave,Spalten: Trifft auch die Nachbarn des Ziels.,Cleave: also hits the target's neighbours.
WS_KWL_stealth,"Tarnung: Kann erst angegriffen werden, wenn sie selbst angegriffen hat.",Stealth: can't be attacked until it has attacked.
WS_TRIG_start_of_combat,Kampfbeginn,Start of combat
WS_TRIG_on_attack,Beim Angriff,On attack
WS_TRIG_after_attack,Nach dem Angriff,After attacking
WS_TRIG_on_hurt,Bei Schaden,When hurt
WS_TRIG_on_death,Todesröcheln,Deathrattle
WS_TRIG_on_ally_death,Wenn ein Verbündeter stirbt,When an ally dies
WS_TRIG_avenge,Rache,Avenge
WS_TRIG_on_summon,Wenn ein Verbündeter beschworen wird,When an ally is summoned
WS_TRIG_on_ally_attack,Wenn ein Verbündeter angreift,When an ally attacks
WS_TRIG_on_kill,Nach einem Kill,After a kill
WS_TRIG_on_shield_lost,Schild verloren,Shield lost
WS_TRIG_on_ally_shield_lost,Verbündeter verliert Schild,Ally loses shield
WS_TRIG_on_reborn,Nach einer Wiedergeburt,After reborn
WS_TRIG_after_deathrattle,Nach einem Todesröcheln,After a deathrattle
WS_TRIG_on_buy,Beim Kauf,When bought
WS_TRIG_on_sell,Beim Verkauf,When sold
WS_TRIG_end_of_turn,Rundenende,End of turn
WS_TRIG_start_of_turn,Tagesbeginn,Start of day
WS_TRIG_on_ally_buy,Wenn du etwas kaufst,When you buy something
WS_TRIG_after_battlecry,Nach einem Kampfschrei,After a battlecry
WS_TRIG_on_reroll,Beim Würfeln,On reroll
WS_TGT_self,sich,itself
WS_TGT_adjacent,Nachbarn,neighbours
WS_TGT_ally_random,zufälliger Verbündeter,a random ally
WS_TGT_ally_random_other,anderer Verbündeter,another ally
WS_TGT_allies_all,alle Verbündeten,all allies
WS_TGT_allies_other,andere Verbündete,other allies
WS_TGT_ally_leftmost,Verbündeter links,leftmost ally
WS_TGT_trigger_unit,Auslöser,the trigger unit
WS_TGT_target,Ziel,the target
WS_TGT_attacker,Angreifer,the attacker
WS_TGT_killer,Mörder,the killer
WS_TGT_enemy_random,zufälliger Gegner,a random enemy
WS_TGT_enemies_all,alle Gegner,all enemies
WS_TGT_enemy_highest_hp,stärkster Gegner,the strongest enemy
WS_TGT_all_others,alle anderen,all others
WS_PAS_deathrattle_twice,Todesröcheln doppelt,Deathrattles trigger twice
WS_PAS_battlecry_twice,Kampfschreie doppelt,Battlecries trigger twice
WS_PAS_end_of_turn_twice,Rundenende doppelt,End of turn triggers twice
WS_COLOR_rot,Rot,Red
WS_COLOR_blau,Blau,Blue
WS_COLOR_gruen,Grün,Green
WS_COLOR_violett,Violett,Violet
WS_COLOR_grau,Grau,Grey
WS_COLOR_gold,Gold,Gold
WS_COLOR_schwarz,Schwarz,Black
WS_COLOR_tuerkis,Türkis,Turquoise
WS_COLOR_braun,Braun,Brown
WS_COLOR_pink,Pink,Pink
WS_COLOR_orange,Orange,Orange
WS_RARITY_0,Gewöhnlich,Common
WS_RARITY_1,Ungewöhnlich,Uncommon
WS_RARITY_2,Selten,Rare
WS_RARITY_3,Sehr selten,Super rare
WS_RARITY_4,Legendär,Legendary
WS_NO_RULESET,Kein Regelsatz gefunden.,No rule set found.
HISTORY_META_WS,"{date}, Tag {day}, {difficulty}","{date}, day {day}, {difficulty}"
WS_STATS,Statistik,Stats
WS_STATS_T,Kampfstatistik,Battle stats
WS_MVP,"MVP: {name}, {n} Schaden","MVP: {name}, {n} damage"
WS_STAT_DAMAGE,{n} Schaden,{n} dmg
WS_STAT_LINE,{kills} Kills · {taken} erlitten · Support {support},{kills} kills · {taken} taken · support {support}
WS_SUPPORT,+{atk}/+{hp},+{atk}/+{hp}
WS_STAT_SHIELDS,{n} Schilde geknackt,{n} shields popped
WS_STAT_SUMMONS,{n} beschworen,{n} summoned
WSHELP_GOAL_T,Ziel,Goal
WSHELP_GOAL,Gewinne {wins} Kämpfe. Du startest mit {lives} Leben. Eine Niederlage kostet Leben: {losses}. {second},Win {wins} battles. You start with {lives} lives. A loss costs lives: {losses}. {second}
WSHELP_LOSS_ONE,an Tag {a} je {n},day {a}: {n} each
WSHELP_LOSS_RANGE,an Tag {a} bis {b} je {n},days {a} to {b}: {n} each
WSHELP_LOSS_FROM,ab Tag {a} je {n},from day {a}: {n} each
WSHELP_DAY_T,Ein Tag,A day
WSHELP_DAY,Jeder Tag hat eine Shop-Phase ohne Zeitlimit. Mit Kampf! tritt dein Team automatisch gegen das gespeicherte Team eines anderen Spielers an.,Every day has a shop phase without a time limit. With Fight! your team automatically battles another player's saved team.
WSHELP_GOLD_T,Gold,Gold
WSHELP_GOLD,"Am ersten Tag gibt es {gold} Gold, danach jeden Tag mehr. {keep} Würfeln kostet {reroll}, Sperren ist gratis und hält die Angebote bis morgen.","On the first day you get {gold} gold, then more each day. {keep} Rerolling costs {reroll}, locking is free and keeps the offers until tomorrow."
WSHELP_SHOP_T,Shop,Shop
WSHELP_SHOP,"Der Shop-Rang steigt jeden Tag und bringt seltenere Einheiten, die Chancen stehen über dem Shop. Einheiten kosten {min} bis {max} Gold. Verkaufen bringt die Hälfte des Werts zurück.","The shop rank rises every day and brings rarer units, the odds are shown above the shop. Units cost {min} to {max} gold. Selling returns half the value."
WSHELP_TEAM_T,Team und Bank,Team and bench
WSHELP_TEAM,"Bis zu {team} Einheiten kämpfen im Team, {bench} weitere warten auf der Bank. Ziehe Einheiten, um sie umzustellen, und Angebote, um sie direkt auf einen Platz zu kaufen.","Up to {team} units fight in the team, {bench} more wait on the bench. Drag units to rearrange them, and offers to buy them straight onto a slot."
WSHELP_MERGE_T,Verschmelzen,Merging
WSHELP_MERGE,"{merge1} gleiche auf Stufe 1 ergeben Stufe 2, {merge2} gleiche auf Stufe 2 ergeben Stufe 3. Werte und Effekte werden {scale2}-fach bzw. {scale3}-fach so stark.","{merge1} of a kind at level 1 make level 2, {merge2} of a kind at level 2 make level 3. Stats and effects become {scale2} or {scale3} times as strong."
WSHELP_COMBAT_T,Kampf,Combat
WSHELP_COMBAT,"Die Reihe greift von links nach rechts an, die Seiten wechseln sich ab. Das Ziel ist zufällig, Einheiten mit Spott werden zuerst angegriffen. Bei jedem Angriff teilen beide Seiten Schaden aus. Nach dem Kampf zeigt Statistik, wer wie viel beigetragen hat.","The row attacks from left to right, the sides take turns. Targets are random, units with taunt are attacked first. Both sides deal damage on every attack. After the fight, Stats shows who contributed how much."
WSHELP_COLORS_T,Farben,Colours
WSHELP_COLORS,Viele Effekte wirken nur auf Einheiten einer bestimmten Farbe. Manche Einheiten haben zwei Farben und zählen für beide.,Many effects only work on units of a certain colour. Some units have two colours and count for both.
WSHELP_DIFFICULTY_T,Schwierigkeit,Difficulty
WSHELP_DIFFICULTY,"Vor dem Run wählst du, wie stark die Gegner sind ({levels}). Im Kampf steht oben die Gegnerstärke von 0 bis 100.",Before the run you choose how strong the enemies are ({levels}). During a fight the enemy strength from 0 to 100 is shown at the top.
WS_DIFF_NAME_leicht,Leicht,Easy
WS_DIFF_NAME_mittel,Mittel,Medium
WS_DIFF_NAME_schwer,Schwer,Hard
